employee_id,mission_id,involvement_summary
E6428947,M6281862,
E2676502,M6281862,
E9537978,M9125616,
E7910907,M9125616,
E7870753,M9125616,
E8483883,M9125616,
E0356214,M9125616,
E4514470,M9125616,
E5085375,M9093853,
E1783092,M9093853,
E6428947,M9093853,
E3487347,M9093853,
E7910907,M9093853,
E4514470,M9093853,
E5085375,M6614428,
E6428947,M6614428,
E3487347,M6614428,
E8541698,M6614428,
E7870753,M6614428,
E4514470,M6614428,
E1783092,M2076528,
E8483883,M2076528,
E2676502,M2076528,
E7910907,M2076528,
E0477498,M1071145,
E5085375,M1071145,
E7870753,M0339092,
E3357916,M0339092,
E8483883,M0339092,
E1783092,M0339092,
E3357916,M0623313,
E5085375,M0623313,
E6428947,M0623313,
E8541698,M0623313,
E7870753,M0623313,
E8961035,M0366996,
E5502287,M0366996,
E9901102,M0366996,
E7870753,M0366996,
E8483883,M0366996,
E5085375,M7025755,
E2362099,M7025755,
E0477498,M7025755,
E7910907,M7025755,
E0356214,M7025755,
E8541698,M2986914,
E3487347,M2986914,
E0692717,M2986914,
E0356214,M2986914,
E8541698,M1730300,
E0477498,M1730300,
E6793306,M1730300,
E7843495,M4694538,
E5502287,M4694538,
E8961035,M4694538,
E8541698,M4694538,
E7870753,M7167181,
E1783092,M6727468,
E5502287,M6727468,
E6793306,M6727468,
E2676502,M2739748,
E1783092,M2739748,
E0477498,M2739748,
E7910907,M2739748,
E0356214,M2739748,
E7843495,M4875871,
E1783092,M4875871,
E2676502,M4875871,
E8541698,M7909416,
E8483883,M7909416,
E6428947,M7909416,
E7910907,M7909416,
E1783092,M1405983,
E9537978,M1405983,
E7870753,M1405983,
E0477498,M1405983,
E2362099,M1405983,
E7245705,M0837036,
E5218212,M0837036,
E2362099,M0837036,
E7870753,M3280310,
E5085375,M3280310,
E3487347,M3280310,
E5085375,M2735957,
E0692717,M2735957,
E7910907,M2735957,
E5502287,M2708728,
E6428947,M2708728,
E9537978,M2708728,
E7910907,M2708728,
E7870753,M5555961,
E6428947,M5555961,
E2362099,M5555961,
E8961035,M2028493,
E6428947,M2028493,
E2362099,M2028493,
E8541698,M2028493,
E4514470,M2028493,
E2676502,M4963514,
E1783092,M4963514,
E6428947,M4963514,
E5502287,M4963514,
E0477498,M4963514,
E4514470,M4963514,
E5502287,M6524479,
E2676502,M6524479,
E7843495,M9354170,
E6793306,M9354170,
E9537978,M9354170,
E5502287,M9354170,
E8541698,M9354170,
E3357916,M5618859,
E0356214,M5618859,
E1783092,M2729020,
E7870753,M2729020,
E9537978,M2729020,
E6793306,M2729020,
E8541698,M5633985,
E9901102,M5633985,
E0356214,M5633985,
E4514470,M5633985,
E3487347,M4250325,
E8541698,M4250325,
E7870753,M4250325,
E0477498,M4250325,
E2362099,M4250325,
E6793306,M6480988,
E9901102,M6480988,
E7910907,M6480988,
E0692717,M6480988,
E2362099,M6480988,
E5502287,M4447336,
E7870753,M5334671,
E4867061,M5334671,
E0356214,M5334671,
E2328765,M5334671,
E5085375,M7582581,
E6793306,M7582581,
E1783092,M7582581,
E7870753,M7582581,
E0356214,M7582581,
E6428947,M1634234,
E9537978,M1634234,
E4514470,M1634234,
E0477498,M1634234,
E0356214,M1634234,
E3357916,M6890435,
E3487347,M6890435,
E4514470,M6890435,
E8541698,M6130742,
E1783092,M6130742,
E0692717,M6130742,
E4514470,M6130742,
E8541698,M7526856,
E2676502,M7526856,
E7843495,M7526856,
E4514470,M7526856,
E7843495,M3686145,
E2676502,M3686145,
E6793306,M3686145,
E6428947,M3686145,
E2362099,M3686145,
E4514470,M3686145,
E8483883,M4393895,
E2676502,M4393895,
E6428947,M0415033,
E3487347,M0415033,
E8541698,M8178894,
E7910907,M8178894,
E5502287,M0745779,
E0692717,M0745779,
E8541698,M9563718,
E8483883,M9563718,
E6428947,M9563718,
E9901102,M9563718,
E7245705,M0904260,
E9537978,M0904260,
E5218212,M0904260,
E8541698,M0904260,
E0477498,M0904260,
E7843495,M9248533,
E6428947,M9248533,
E9537978,M9248533,
E4514470,M9248533,
E0356214,M2282363,
E0477498,M2282363,
E4514470,M2282363,
E2676502,M2282363,
E7843495,M5465477,
E8961035,M5465477,
E2676502,M5465477,
E8541698,M5465477,
E8483883,M5465477,
E7843495,M6840513,
E3357916,M6840513,
E5085375,M6840513,
E2676502,M6840513,
E8541698,M8275269,
E9901102,M8275269,
E3487347,M8883868,
E7910907,M8883868,
E7870753,M1505444,
E7910907,M1505444,
E2842201,M2268592,
E1783092,M2268592,
E8483883,M2268592,
E0692717,M2268592,
E7910907,M2268592,
E5085375,M9413014,
E6428947,M9413014,
E3487347,M9413014,
E5502287,M9413014,
E0477498,M9413014,
E9901102,M6054079,
E2362099,M6054079,
E8483883,M9319115,
E2676502,M9319115,
E7843495,M4785663,
E3357916,M4785663,
E6428947,M4785663,
E9901102,M4785663,
E7870753,M4785663,
E0692717,M4785663,
E2676502,M3922881,
E6428947,M3922881,
E9901102,M3922881,
E0477498,M3922881,
E0692717,M3922881,
E7843495,M8422102,
E3357916,M8422102,
E6793306,M8422102,
E5502287,M8422102,
E7910907,M8422102,
E8483883,M0575039,
E8961035,M0575039,
E7910907,M0575039,
E3357916,M8051746,
E2676502,M8051746,
E6793306,M8051746,
E8483883,M8051746,
E0477498,M8051746,
E2362099,M8051746,
E7843495,M3068838,
E1783092,M3068838,
E6428947,M3068838,
E6793306,M3068838,
E8483883,M1828316,
E5085375,M1828316,
E9537978,M1828316,
E2362099,M6769658,
E8541698,M6769658,
E7870753,M6769658,
E7910907,M6769658,
E0356214,M6769658,
E7870753,M9444860,
E0692717,M9444860,
E0356214,M9444860,
E1783092,M1664522,
E0477498,M1664522,
E9901102,M1664522,
E2362099,M1664522,
E7843495,M9178071,
E3357916,M9178071,
E8541698,M7994016,
E0692717,M7994016,
E7843495,M9481125,
E7870753,M9481125,
E3357916,M4991444,
E5502287,M4991444,
E0356214,M4991444,
E2676502,M4991444,
E8961035,M4568749,
E5085375,M4568749,
E7910907,M4568749,
E6793306,M4568749,
E7870753,M1817961,
E2362099,M1817961,
E6428947,M3092873,
E9537978,M3092873,
E3487347,M3092873,
E8541698,M3092873,
E8483883,M3092873,
E3357916,M3399087,
E5502287,M3399087,
E5085375,M3399087,
E0356214,M3399087,
E8541698,M6187584,
E2676502,M6187584,
E8483883,M8033177,
E0356214,M8033177,
E6428947,M2609717,
E3487347,M2609717,
E0356214,M2609717,
E7870753,M5082541,
E3487347,M5082541,
E0356214,M5082541,
E6428947,M0588489,
E0477498,M0588489,
E5085375,M0588489,
E2676502,M0588489,
E8483883,M5227989,
E8961035,M5227989,
E9901102,M5227989,
E2676502,M5227989,
E9901102,M2448858,
E5085375,M2448858,
E7843495,M9109508,
E3487347,M9109508,
E0477498,M9109508,
E0692717,M9109508,
E0356214,M9109508,
E0356214,M6296228,
E8961035,M6296228,
E3487347,M6296228,
E4514470,M6296228,
E8483883,M3471268,
E2676502,M3471268,
E5085375,M8669069,
E3487347,M8669069,
E9901102,M8669069,
E8541698,M8669069,
E2362099,M8669069,
E6428947,M6999294,
E8961035,M6999294,
E0356214,M6999294,
E7870753,M7694488,
E5085375,M7694488,
E2676502,M7694488,
E9537978,M7694488,
E3487347,M3934684,
E9537978,M3934684,
E2362099,M3934684,
E8483883,M3934684,
E0356214,M3934684,
E7560667,M9290400,
E0356214,M9290400,
E6793306,M9290400,
E6428947,M7817097,
E9537978,M7817097,
E9901102,M7817097,
E7870753,M7817097,
E8483883,M7817097,
E0692717,M7817097,
E8961035,M4430799,
E4514470,M4430799,
E9537978,M4430799,
E0692717,M4430799,
E2362099,M4430799,
E7870753,M9855226,
E3357916,M9855226,
E8483883,M9855226,
E7910907,M9855226,
E8961035,M0448326,
E5218212,M0448326,
E2362099,M0448326,
E3349141,M0448326,
E2499796,M0448326,
E7843495,M8615483,
E8483883,M8615483,
E6428947,M1633756,
E5085375,M1633756,
E2676502,M1633756,
E0692717,M1633756,
E2328765,M8187543,
E2362099,M8187543,
E8483883,M4221127,
E5085375,M4221127,
E2362099,M4221127,
E8541698,M5243050,
E3357916,M5243050,
E0692717,M5243050,
E1783092,M5416964,
E5085375,M5416964,
E3349141,M7572299,
E9537978,M7572299,
E8961035,M7975224,
E5085375,M7975224,
E9537978,M7975224,
E8541698,M7975224,
E4514470,M7975224,
E3357916,M4268194,
E7910907,M4268194,
E7843495,M5113967,
E7870753,M5113967,
E8483883,M5113967,
E0692717,M5113967,
E2362099,M5113967,
E7843495,M8695320,
E5502287,M8695320,
E6793306,M8695320,
E7560667,M5329423,
E4514470,M5329423,
E8541698,M5329423,
E8483883,M5329423,
E0692717,M5329423,
E7910907,M5329423,
E9901102,M2549857,
E0692717,M2549857,
E3357916,M2436156,
E8961035,M2436156,
E5085375,M2436156,
E6428947,M2436156,
E0692717,M2436156,
E7843495,M0335901,
E6428947,M0335901,
E2362099,M0335901,
E3357916,M5917805,
E6793306,M5917805,
E3349141,M5917805,
E8483883,M5917805,
E0356214,M5917805,
E3349141,M1491455,
E9537978,M1491455,
E5502287,M0880334,
E7910907,M0880334,
E8961035,M3871242,
E5502287,M3871242,
E8541698,M3871242,
E0477498,M3871242,
E2362099,M3871242,
E5085375,M3893897,
E7910907,M3893897,
E8961035,M1370992,
E5085375,M1370992,
E2676502,M1370992,
E8541698,M1370992,
E0477498,M1370992,
E2362099,M1370992,
E8961035,M3123155,
E2676502,M3123155,
E7870753,M3123155,
E0692717,M3123155,
E7910907,M3123155,
E8541698,M3007682,
E3487347,M3007682,
E7843495,M5622635,
E5502287,M5622635,
E2362099,M5622635,
E6793306,M5622635,
E6793306,M3844010,
E1783092,M3844010,
E4514470,M3844010,
E3349141,M3844010,
E2362099,M3844010,
E2499796,M6018085,
E2328765,M6018085,
E8483883,M6858384,
E6428947,M6858384,
E0692717,M6858384,
E8483883,M4135631,
E9537978,M4135631,
E4514470,M4135631,
E7245705,M4135631,
E7870753,M2956620,
E6428947,M2956620,
E7910907,M2956620,
E5502287,M3201329,
E2676502,M3201329,
E0692717,M3201329,
E0356214,M3201329,
E8541698,M1775550,
E3349141,M1775550,
E9537978,M1775550,
E3487347,M1775550,
E7843495,M3295774,
E0477498,M3295774,
E0692717,M3295774,
E9537978,M3295774,
E8961035,M8228711,
E5085375,M8228711,
E6793306,M8228711,
E8483883,M8228711,
E2362099,M8228711,
E7843495,M7023328,
E5085375,M7023328,
E6428947,M7023328,
E3487347,M7023328,
E0477498,M7023328,
E0692717,M7023328,
E9901102,M0611631,
E0692717,M0611631,
E2676502,M0611631,
E2362099,M0611631,
E8961035,M0149122,
E9537978,M0149122,
E7843495,M9666760,
E8961035,M9666760,
E6793306,M9666760,
E4514470,M9666760,
E8541698,M9666760,
E0356214,M9666760,
E9537978,M2601456,
E9901102,M2601456,
E0477498,M2601456,
E0692717,M2601456,
E4514470,M2601456,
E7870753,M1004947,
E2362099,M1004947,
E7245705,M9853115,
E6428947,M9853115,
E4514470,M9853115,
E7870753,M9853115,
E2499796,M9853115,
E0356214,M9853115,
E1783092,M8677205,
E3357916,M8677205,
E8483883,M8677205,
E6793306,M8677205,
E3357916,M0424481,
E6428947,M0424481,
E9537978,M0424481,
E2499796,M0424481,
E0477498,M2438805,
E0356214,M2438805,
E6793306,M2438805,
E7843495,M9631551,
E2362099,M9631551,
E3357916,M1414114,
E5085375,M1414114,
E4514470,M1414114,
E8541698,M0971335,
E3357916,M0971335,
E5502287,M0971335,
E7870753,M0971335,
E5085375,M6727506,
E2676502,M6727506,
E1783092,M6727506,
E5502287,M6727506,
E8541698,M6727506,
E8483883,M6727506,
E3357916,M4962315,
E5502287,M4962315,
E0477498,M4962315,
E9537978,M4962315,
E3357916,M4554958,
E8483883,M4554958,
E5085375,M4554958,
E4514470,M4554958,
E1783092,M0042712,
E5502287,M0042712,
E2362099,M0042712,
E0477498,M0042712,
E4514470,M0042712,
E1783092,M7579426,
E0477498,M7579426,
E7870753,M8875846,
E8961035,M8875846,
E4514470,M8875846,
E0356214,M8875846,
E5085375,M3235228,
E2676502,M3235228,
E5502287,M3235228,
E9901102,M3235228,
E8483883,M3235228,
E8483883,M6756508,
E3487347,M6756508,
E6793306,M6756508,
E0692717,M6756508,
E7843495,M7361870,
E3357916,M7361870,
E5085375,M7361870,
E2362099,M7361870,
E7843495,M1816299,
E5502287,M1816299,
E7910907,M1816299,
E0692717,M1816299,
E0356214,M1816299,
E0356214,M2363524,
E2362099,M2363524,
E5085375,M6449655,
E5502287,M6449655,
E0477498,M6449655,
E9537978,M6449655,
E8541698,M6397769,
E7843495,M2967158,
E2676502,M2967158,
E9537978,M2967158,
E8541698,M2967158,
E8483883,M2967158,
E8483883,M2056446,
E7910907,M2056446,
E9901102,M6962124,
E0692717,M6962124,
E4514470,M6962124,
E7843495,M0685881,
E3487347,M0685881,
E2328765,M0685881,
E5218212,M0685881,
E1482468,M0685881,
E7910907,M3866457,
E5085375,M3866457,
E4514470,M3866457,
E0477498,M5651730,
E5085375,M5651730,
E7910907,M5651730,
E6793306,M5651730,
E8541698,M9381313,
E7245705,M9381313,
E5218212,M9381313,
E7843495,M9576017,
E8961035,M9576017,
E1783092,M9576017,
E8541698,M9576017,
E7910907,M9576017,
E8541698,M0685346,
E8961035,M0685346,
E5085375,M0685346,
E7910907,M0685346,
E8541698,M1224391,
E7870753,M1224391,
E7910907,M1224391,
E0356214,M0832920,
E3487347,M0832920,
E7910907,M0832920,
E8483883,M6681931,
E2676502,M6681931,
E4514470,M6681931,
E5085375,M7306427,
E7560667,M7306427,
E8541698,M7306427,
E3349141,M7306427,
E0356214,M7306427,
E4514470,M7306427,
E0356214,M9405494,
E7910907,M9405494,
E9901102,M9405494,
E9537978,M9405494,
E3357916,M5669491,
E3487347,M5669491,
E2676502,M5669491,
E7843495,M6548989,
E5502287,M6548989,
E0692717,M6548989,
E2362099,M6548989,
E8961035,M8050339,
E5085375,M8050339,
E9537978,M8050339,
E5502287,M8050339,
E7910907,M8050339,
E7245705,M9321386,
E2676502,M9321386,
E5218212,M9321386,
E2362099,M9321386,
E4514470,M9321386,
E5085375,M2503174,
E6793306,M2503174,
E1783092,M2503174,
E9537978,M2503174,
E7870753,M2503174,
E3357916,M2176514,
E5502287,M2176514,
E7870753,M2176514,
E2362099,M2176514,
E7843495,M3715321,
E7870753,M3715321,
E9537978,M3715321,
E2676502,M3715321,
E8541698,M9651136,
E1783092,M9651136,
E4514470,M9651136,
E3487347,M1119205,
E9901102,M1119205,
E9901102,M0996559,
E1783092,M0996559,
E5085375,M0996559,
E3487347,M0996559,
E7843495,M5760132,
E5085375,M5760132,
E1783092,M5760132,
E4514470,M5760132,
E0356214,M5760132,
E2676502,M7844435,
E4514470,M7844435,
E2362099,M7844435,
E0692717,M7844435,
E3357916,M2419759,
E8961035,M2419759,
E8541698,M6444836,
E3357916,M6444836,
E1482468,M6444836,
E6793306,M6444836,
E0477498,M0294810,
E3487347,M0294810,
E4514470,M0294810,
E7843495,M8185547,
E1783092,M8185547,
E4514470,M8185547,
E0692717,M8185547,
E0356214,M8185547,
E3487347,M4210895,
E9901102,M4210895,
E4514470,M4210895,
E6793306,M4210895,
E7843495,M3684409,
E8961035,M3684409,
E2676502,M3684409,
E9537978,M3684409,
E8483883,M3684409,
E4514470,M3684409,
E8483883,M6000947,
E3487347,M6000947,
E9537978,M6000947,
E6793306,M6000947,
E8541698,M1451371,
E5502287,M1451371,
E4514470,M1451371,
E7910907,M1451371,
E7843495,M3888528,
E0356214,M3888528,
E7843495,M2812415,
E4514470,M2812415,
E2676502,M2812415,
E6428947,M6773909,
E4514470,M6773909,
E0477498,M8416037,
E2676502,M8416037,
E7843495,M5039005,
E3357916,M5039005,
E4514470,M5039005,
E8483883,M5039005,
E7910907,M5039005,
E8961035,M8694257,
E7870753,M8694257,
E8483883,M8694257,
E0477498,M8694257,
E4514470,M8694257,
E5085375,M2907803,
E3487347,M2907803,
E1783092,M2907803,
E8541698,M9957414,
E3487347,M9957414,
E7910907,M9957414,
E7843495,M1279358,
E8483883,M1279358,
E0477498,M1279358,
E4514470,M1279358,
E1783092,M4463432,
E3487347,M4463432,
E2676502,M4463432,
E8541698,M1442827,
E5502287,M1442827,
E7910907,M1442827,
E3357916,M0924622,
E9537978,M0924622,
E8541698,M0924622,
E7870753,M0924622,
E0356214,M0924622,
E3357916,M2173168,
E6428947,M2173168,
E9537978,M2173168,
E8483883,M2173168,
E0356214,M2173168,
E3357916,M4462109,
E1783092,M4462109,
E9537978,M4462109,
E8483883,M4462109,
E0692717,M4462109,
E0356214,M4462109,
E8541698,M9933473,
E3357916,M9933473,
E5085375,M9933473,
E1783092,M1168946,
E7870753,M1168946,
E0692717,M1168946,
E2676502,M1168946,
E1783092,M6118809,
E9537978,M6118809,
E8541698,M6118809,
E0477498,M6118809,
E7910907,M6118809,
E6428947,M5209098,
E3487347,M5209098,
E5502287,M5209098,
E0692717,M5209098,
E7910907,M5209098,
E3357916,M8034270,
E9901102,M8034270,
E9537978,M8034270,
E2362099,M8034270,
E1783092,M2170305,
E7870753,M2170305,
E3357916,M0787631,
E0477498,M0787631,
E0356214,M0787631,
E5085375,M2572175,
E2676502,M2572175,
E6793306,M2572175,
E8541698,M2572175,
E3349141,M2572175,
E7843495,M5097271,
E5085375,M5097271,
E2676502,M5097271,
E0692717,M5097271,
E5085375,M4379081,
E2362099,M4379081,
E3357916,M1439023,
E5085375,M1439023,
E2676502,M1439023,
E0692717,M1439023,
E8541698,M6152859,
E8483883,M6152859,
E3487347,M2122875,
E5502287,M2122875,
E8541698,M2122875,
E0477498,M2122875,
E4514470,M2122875,
E1783092,M9288154,
E7245705,M9288154,
E8961035,M9288154,
E9901102,M9288154,
E7843495,M9355321,
E9901102,M9355321,
E0356214,M9355321,
E7843495,M6587836,
E1783092,M6587836,
E5502287,M9341766,
E7910907,M9341766,
E6793306,M9341766,
E7843495,M8404951,
E3357916,M8404951,
E2676502,M8404951,
E6428947,M8404951,
E7870753,M8404951,
E7843495,M5576312,
E3357916,M5576312,
E5085375,M5576312,
E0477498,M5576312,
E4514470,M5576312,
E6428947,M8356259,
E4514470,M8356259,
E5085375,M2779210,
E4514470,M2779210,
E7843495,M0716633,
E2676502,M0716633,
E1783092,M0716633,
E3487347,M0716633,
E9537978,M0716633,
E7843495,M0741631,
E7870753,M0741631,
E9537978,M0741631,
E4514470,M0741631,
E3357916,M9427943,
E3487347,M9427943,
E7870753,M9427943,
E0477498,M9427943,
E0356214,M9427943,
E5085375,M0978108,
E9537978,M0978108,
E6793306,M0978108,
E3357916,M6235019,
E4514470,M6235019,
E8541698,M4101675,
E0692717,M4101675,
E2676502,M9762974,
E6793306,M9762974,
E2362099,M9762974,
E8483883,M9762974,
E0356214,M9762974,
E5085375,M9131370,
E6428947,M9131370,
E3487347,M9131370,
E7870753,M0954864,
E9901102,M0954864,
E4514470,M0954864,
E9537978,M0201916,
E5502287,M0201916,
E8541698,M0201916,
E0477498,M0201916,
E0356214,M0201916,
E7843495,M6756731,
E5085375,M6756731,
E1783092,M6756731,
E5502287,M6756731,
E8483883,M6756731,
E5502287,M7922841,
E9537978,M7922841,
E8541698,M5594845,
E9537978,M5594845,
E2676502,M5594845,
E3357916,M7369465,
E8961035,M7369465,
E7843495,M6609841,
E8961035,M6609841,
E8483883,M6609841,
E0477498,M6609841,
E7843495,M5384092,
E3357916,M5384092,
E0477498,M5384092,
E0356214,M5384092,
E6428947,M7650540,
E8541698,M7650540,
E7870753,M7650540,
E8483883,M7650540,
E0692717,M7650540,
E1783092,M7562838,
E5502287,M7562838,
E8961035,M7562838,
E3487347,M7562838,
E7870753,M8542123,
E4514470,M8542123,
E3357916,M5277721,
E5085375,M5277721,
E2676502,M5277721,
E1783092,M5277721,
E6428947,M5277721,
E8483883,M1408637,
E8961035,M1408637,
E4514470,M1408637,
E8961035,M4728202,
E6793306,M4728202,
E7870753,M4728202,
E8483883,M4728202,
E7910907,M4728202,
E2842201,M3297382,
E5502287,M3297382,
E6428947,M3297382,
E3357916,M0189460,
E6428947,M0189460,
E2362099,M0189460,
E4514470,M8933551,
E7910907,M8933551,
E0356214,M8933551,
E3357916,M4433133,
E5502287,M4433133,
E9537978,M4433133,
E7910907,M4433133,
E1783092,M8504097,
E6793306,M8504097,
E5085375,M5144984,
E5502287,M5144984,
E3487347,M5144984,
E3357916,M3792793,
E0477498,M3792793,
E9537978,M3792793,
E2676502,M3792793,
E7870753,M0527808,
E5502287,M0527808,
E0692717,M0527808,
E2362099,M0527808,
E9901102,M9506521,
E6428947,M9506521,
E0692717,M9506521,
E6793306,M9506521,
E8961035,M8521929,
E6793306,M8521929,
E5502287,M8521929,
E8541698,M8521929,
E0692717,M8521929,
E7910907,M8521929,
E8541698,M1890512,
E3487347,M1890512,
E0477498,M8171300,
E8961035,M8171300,
E9537978,M4169283,
E9901102,M4169283,
E8541698,M4169283,
E7870753,M4169283,
E0477498,M4169283,
E0692717,M6168578,
E6793306,M6168578,
E9901102,M5563084,
E0692717,M5563084,
E7843495,M9676988,
E0477498,M9676988,
E2362099,M9676988,
E7843495,M8406300,
E7870753,M8406300,
E7910907,M8406300,
E2676502,M8406300,
E2842201,M8580936,
E8961035,M8580936,
E9537978,M8580936,
E7843495,M4436552,
E1783092,M4436552,
E6428947,M4436552,
E5502287,M4436552,
E0692717,M4436552,
E3357916,M4189220,
E6428947,M4189220,
E3487347,M4189220,
E9901102,M4189220,
E7870753,M4189220,
E4514470,M4189220,
E7245705,M9612668,
E9537978,M9612668,
E0356214,M9612668,
E0692717,M9612668,
E8541698,M4386919,
E7870753,M4386919,
E3487347,M4386919,
E3357916,M2252465,
E8961035,M2252465,
E6793306,M2252465,
E9901102,M2252465,
E8483883,M2252465,
E5085375,M2125474,
E1783092,M2125474,
E3487347,M2125474,
E5218212,M2125474,
E8541698,M2125474,
E7870753,M5680126,
E5502287,M5680126,
E7843495,M8449903,
E0477498,M8449903,
E9537978,M8449903,
E6793306,M8449903,
E7870753,M6003120,
E8961035,M6003120,
E0692717,M6003120,
E2842201,M4905913,
E6428947,M4905913,
E5218212,M4905913,
E7910907,M4905913,
E0356214,M4905913,
E8961035,M3133708,
E9901102,M3133708,
E9537978,M3133708,
E2676502,M4802761,
E6793306,M4802761,
E1783092,M4802761,
E9537978,M4802761,
E2328765,M4802761,
E0356214,M4802761,
E8541698,M4439733,
E9901102,M4439733,
E2362099,M4439733,
E9537978,M4439733,
E9901102,M7613438,
E2676502,M7613438,
E3357916,M8828093,
E5085375,M8828093,
E6793306,M8828093,
E2362099,M8828093,
E4514470,M8828093,
E0477498,M8656235,
E8961035,M8656235,
E3487347,M8656235,
E7910907,M8656235,
E3357916,M5412020,
E0356214,M5412020,
E1783092,M5412020,
E2362099,M5412020,
E0692717,M5412020,
E2499796,M5412020,
E7843495,M5832421,
E7870753,M5832421,
E5502287,M5832421,
E2676502,M5832421,
E7843495,M5500596,
E3357916,M5500596,
E0692717,M5500596,
E6793306,M5500596,
E7843495,M1384891,
E8961035,M1384891,
E6428947,M1384891,
E8541698,M1384891,
E0692717,M1384891,
E4514470,M1384891,
E7843495,M6044209,
E6428947,M6044209,
E3357916,M2810424,
E5502287,M2810424,
E0692717,M2810424,
E7843495,M2549791,
E6793306,M2549791,
E6428947,M2549791,
E8541698,M2549791,
E8483883,M2549791,
E7910907,M2549791,
E1783092,M0863250,
E3487347,M0863250,
E3357916,M2767318,
E2676502,M2767318,
E6428947,M2767318,
E0692717,M2767318,
E0356214,M2767318,
E8541698,M5282162,
E8961035,M5282162,
E8541698,M5528304,
E3357916,M5528304,
E8961035,M5528304,
E7910907,M5528304,
E3357916,M0746127,
E5502287,M0746127,
E8961035,M9965549,
E6793306,M9965549,
E9537978,M9965549,
E8541698,M9965549,
E7910907,M9965549,
E0356214,M9965549,
E7870753,M9110615,
E0477498,M9110615,
E7843495,M7640435,
E3357916,M7640435,
E8483883,M7640435,
E6793306,M9999647,
E3487347,M9999647,
E5502287,M9999647,
E7870753,M9999647,
E7910907,M9999647,
E8961035,M8018741,
E3487347,M8018741,
E5502287,M8018741,
E7870753,M8018741,
E0692717,M8018741,
E4514470,M8018741,
E8961035,M4707508,
E5085375,M4707508,
E2676502,M4707508,
E3487347,M4707508,
E8483883,M4707508,
E7910907,M4707508,
E3357916,M1025732,
E0692717,M1025732,
E2362099,M1025732,
E9901102,M0105728,
E7910907,M0105728,
E7870753,M0105728,
E8483883,M0105728,
E0692717,M0105728,
E0356214,M0105728,
E8961035,M4281308,
E7910907,M4281308,
E7870753,M6852988,
E6428947,M6852988,
E0356214,M9000930,
E0477498,M9000930,
E9537978,M9000930,
E2362099,M9000930,
E6428947,M5351599,
E9537978,M5351599,
E7843495,M2445545,
E5502287,M2445545,
E6428947,M2445545,
E0477498,M2445545,
E3357916,M0310086,
E6428947,M0310086,
E5085375,M0310086,
E7910907,M0310086,
E1783092,M1893368,
E6428947,M1893368,
E0692717,M1893368,
E8541698,M4914306,
E2362099,M4914306,
E6428947,M0768474,
E8961035,M0768474,
E0692717,M0768474,
E2676502,M0768474,
E1783092,M2224022,
E3357916,M2224022,
E2676502,M2224022,
E6793306,M2224022,
E8483883,M2221143,
E0477498,M2221143,
E2362099,M2221143,
E8961035,M5917069,
E6793306,M5917069,
E8541698,M5917069,
E7870753,M5917069,
E7910907,M5917069,
E3487347,M0478872,
E0692717,M0478872,
E7843495,M0040624,
E6428947,M0040624,
E7910907,M0040624,
E2676502,M0040624,
E3357916,M2546129,
E5085375,M2546129,
E1783092,M2546129,
E6428947,M2546129,
E9537978,M2546129,
E8483883,M7657106,
E5085375,M7657106,
E7843495,M9604390,
E6793306,M9604390,
E1783092,M8047184,
E3357916,M8047184,
E0356214,M8047184,
E8541698,M8923783,
E7843495,M8923783,
E7843495,M1481301,
E6428947,M1481301,
E0477498,M1481301,
E2676502,M1481301,
E5502287,M9931122,
E5085375,M9931122,
E2362099,M9931122,
E6793306,M9931122,
E3357916,M4562144,
E7245705,M4562144,
E7560667,M4562144,
E9537978,M4562144,
E3507841,M4562144,
E7910907,M4562144,
E1783092,M3636676,
E6428947,M3636676,
E4514470,M3636676,
E6793306,M3636676,
E7843495,M6455846,
E8483883,M6455846,
E2676502,M6455846,
E7870753,M6455846,
E4867061,M6455846,
E5085375,M1120544,
E3487347,M1120544,
E9901102,M1120544,
E7870753,M1120544,
E4514470,M1120544,
E0692717,M6413839,
E6793306,M6413839,
E0356214,M4363251,
E8961035,M4363251,
E0692717,M4363251,
E7910907,M4363251,
E1783092,M5460290,
E6428947,M5460290,
E4514470,M5460290,
E3349141,M5460290,
E7910907,M5460290,
E7843495,M8378606,
E4514470,M8378606,
E9901102,M8378606,
E0356214,M8378606,
E6428947,M8390369,
E0356214,M8390369,
E2362099,M8390369,
E8541698,M6135518,
E7870753,M6135518,
E2362099,M6135518,
E1783092,M6135518,
E2842201,M9590871,
E2362099,M9590871,
E6793306,M9590871,
E2676502,M5496775,
E6793306,M5496775,
E1783092,M5496775,
E8483883,M5496775,
E2362099,M5496775,
E3487347,M6797782,
E2676502,M6797782,
E0692717,M6797782,
E7843495,M7146997,
E1783092,M7146997,
E2362099,M7146997,
E3349141,M7146997,
E7870753,M0644156,
E3357916,M0644156,
E8483883,M0644156,
E0356214,M0644156,
E3487347,M1516433,
E0692717,M1516433,
E2676502,M1516433,
E8541698,M0666044,
E2676502,M0666044,
E7910907,M0666044,
E2676502,M3102395,
E9901102,M3102395,
E8483883,M3102395,
E0692717,M3102395,
E4514470,M3102395,
E7843495,M0159718,
E5085375,M0159718,
E0692717,M0159718,
E3357916,M4552455,
E5085375,M4552455,
E4514470,M4552455,
E7843495,M7477998,
E8961035,M7477998,
E5085375,M7477998,
E6428947,M7477998,
E8541698,M7477998,
E6793306,M5315046,
E8541698,M5315046,
E7870753,M5315046,
E8483883,M5315046,
E0477498,M5315046,
E0692717,M5315046,
E8541698,M1360326,
E1783092,M1360326,
E0692717,M1360326,
E8541698,M7474349,
E2362099,M7474349,
E1783092,M7809870,
E5502287,M7809870,
E7843495,M1416973,
E2676502,M1416973,
E6428947,M1416973,
E3487347,M1416973,
E7910907,M1416973,
E2676502,M5147208,
E6428947,M5147208,
E9537978,M5147208,
E5502287,M5147208,
E9901102,M5147208,
E7870753,M5147208,
E8961035,M4076526,
E6428947,M4076526,
E9901102,M4076526,
E2362099,M4076526,
E0477498,M4076526,
E4514470,M4076526,
E7843495,M6953442,
E6793306,M6953442,
E8961035,M0642603,
E6793306,M0642603,
E3487347,M0642603,
E8541698,M0642603,
E7870753,M0642603,
E0477498,M0642603,
E7843495,M0695797,
E9537978,M0695797,
E7910907,M0695797,
E6793306,M0695797,
E3357916,M4824789,
E2676502,M4824789,
E1783092,M4824789,
E9537978,M4824789,
E0477498,M4824789,
E7910907,M4824789,
E9901102,M3289331,
E8483883,M3289331,
E0477498,M3289331,
E7910907,M3289331,
E4514470,M3289331,
E8541698,M8487348,
E6793306,M8487348,
E5502287,M3472434,
E7870753,M5606722,
E8961035,M5606722,
E3357916,M7928704,
E9901102,M7928704,
E1783092,M5788872,
E2676502,M5788872,
E5085375,M6122255,
E1783092,M6122255,
E6428947,M6122255,
E3487347,M6122255,
E0692717,M6122255,
E0356214,M6122255,
E5085375,M3412188,
E3487347,M3412188,
E7870753,M3412188,
E0477498,M3412188,
E0356214,M3412188,
E7910907,M3412188,
E1783092,M4258128,
E4514470,M4258128,
E6793306,M4258128,
E1783092,M3611761,
E9537978,M3611761,
E5502287,M3611761,
E0477498,M3611761,
E0692717,M3611761,
E7910907,M3611761,
E8961035,M5744971,
E2842201,M5744971,
E1783092,M5744971,
E9537978,M5744971,
E3349141,M5744971,
E1482468,M5744971,
E1783092,M8777804,
E7560667,M8204464,
E8483883,M8204464,
E3487347,M8204464,
E5502287,M1705355,
E8483883,M1705355,
E9901102,M1705355,
E0356214,M1705355,
E0356214,M9623016,
E7910907,M9623016,
E9901102,M0185849,
E5218212,M0185849,
E3349141,M0185849,
E1482468,M0185849,
E0692717,M0185849,
E2676502,M0940003,
E2842201,M0940003,
E7870753,M0940003,
E4867061,M0940003,
E0692717,M0940003,
E7910907,M0940003,
E3357916,M8894561,
E1783092,M8894561,
E7870753,M8894561,
E7910907,M8894561,
E4514470,M8894561,
E5218212,M0224173,
E8961035,M0224173,
E2362099,M0224173,
E6793306,M0224173,
E8961035,M8521825,
E6428947,M8521825,
E9901102,M8521825,
E8483883,M8521825,
E2362099,M8521825,
E8541698,M7693328,
E5085375,M7693328,
E7843495,M6046584,
E0692717,M6046584,
E2362099,M6046584,
E7843495,M6055179,
E3357916,M6055179,
E5502287,M6055179,
E7870753,M6055179,
E0356214,M6055179,
E1783092,M0380823,
E6428947,M0380823,
E3487347,M0380823,
E6428947,M5973762,
E4514470,M5973762,
E7843495,M6558178,
E2842201,M6558178,
E4514470,M6558178,
E9901102,M6558178,
E2499796,M6558178,
E8961035,M1660209,
E5085375,M1660209,
E6793306,M1660209,
E9901102,M1660209,
E0692717,M1660209,
E8541698,M9915390,
E8483883,M9915390,
E0477498,M9915390,
E7910907,M9915390,
E1783092,M0806660,
E8961035,M0806660,
E7870753,M0806660,
E3349141,M5315561,
E6428947,M5315561,
E9901102,M5315561,
E1783092,M0317530,
E5502287,M0317530,
E7843495,M6168109,
E3357916,M6168109,
E7870753,M6168109,
E9901102,M4417358,
E2676502,M4417358,
E6793306,M4417358,
E7245705,M1181410,
E9901102,M1181410,
E8961035,M1238732,
E8483883,M1238732,
E0477498,M1238732,
E3487347,M1238732,
E1783092,M0803693,
E3357916,M0803693,
E9901102,M0803693,
E4514470,M0803693,
E8483883,M1385399,
E6428947,M1385399,
E2676502,M1385399,
E7910907,M1385399,
E7870753,M2396863,
E0356214,M2396863,
E2676502,M2396863,
E3357916,M6610898,
E9901102,M6610898,
E7910907,M6610898,
E3487347,M0066571,
E7910907,M0066571,
E6793306,M0066571,
E5502287,M0934838,
E6428947,M0934838,
E7843495,M3202007,
E5085375,M3202007,
E7870753,M2283654,
E3357916,M2283654,
E9901102,M2283654,
E2362099,M2283654,
E0692717,M6714212,
E2676502,M6714212,
E0356214,M9380572,
E9537978,M9380572,
E2362099,M9380572,
E0356214,M7823882,
E9901102,M7823882,
E3487347,M7823882,
E2676502,M7823882,
E8541698,M2675970,
E5502287,M2675970,
E5085375,M2675970,
E0692717,M2675970,
E8541698,M5386695,
E7843495,M5386695,
E7910907,M5386695,
E8483883,M1579934,
E6793306,M1579934,
E1783092,M2130866,
E6428947,M2130866,
E4514470,M2130866,
E7870753,M2130866,
E7910907,M2130866,
E5502287,M4512143,
E8483883,M4512143,
E8961035,M4512143,
E8541698,M8671293,
E5502287,M8671293,
E3487347,M8671293,
E2676502,M8671293,
E8961035,M6186051,
E9901102,M6186051,
E7843495,M1534461,
E2676502,M1534461,
E6793306,M1534461,
E6428947,M1534461,
E4514470,M1534461,
E6793306,M1718947,
E6428947,M1718947,
E3487347,M1718947,
E8483883,M1718947,
E2362099,M1718947,
E1783092,M7249932,
E8483883,M7249932,
E3487347,M7249932,
E4514470,M7249932,
E3357916,M3717431,
E2676502,M3717431,
E6793306,M3717431,
E7843495,M7553000,
E7870753,M7553000,
E5085375,M7553000,
E9901102,M7553000,
E1783092,M5797864,
E0477498,M5797864,
E3487347,M5797864,
E3357916,M7994582,
E9901102,M7994582,
E7870753,M7994582,
E0477498,M7994582,
E0356214,M7994582,
E8541698,M7664491,
E8961035,M7664491,
E5085375,M7664491,
E6793306,M7664491,
E6428947,M3764122,
E5085375,M3764122,
E6793306,M3764122,
E7843495,M3463242,
E4514470,M3463242,
E9537978,M3463242,
E0356214,M3463242,
E5085375,M7130145,
E9537978,M7130145,
E5502287,M7130145,
E2362099,M7130145,
E8483883,M7130145,
E4514470,M7130145,
E7843495,M1660294,
E1783092,M1660294,
E3487347,M1660294,
E7910907,M1660294,
E3357916,M0421762,
E8483883,M0421762,
E0692717,M0421762,
E7910907,M0421762,
E3487347,M3857281,
E9537978,M3857281,
E5502287,M3857281,
E9901102,M3857281,
E0356214,M3857281,
E8483883,M0023560,
E5085375,M0023560,
E1783092,M2610497,
E5502287,M2610497,
E5085375,M2610497,
E2362099,M2610497,
E3357916,M7762692,
E9537978,M7762692,
E2676502,M7762692,
E6428947,M7510474,
E9537978,M7510474,
E4514470,M7510474,
E1783092,M5770583,
E6428947,M5770583,
E5502287,M5770583,
E9901102,M5770583,
E2362099,M5770583,
E7870753,M8739103,
E5502287,M8739103,
E9901102,M8739103,
E6793306,M8739103,
E2676502,M3636567,
E6793306,M3636567,
E5502287,M6183470,
E6428947,M6183470,
E0356214,M6183470,
E6793306,M6183470,
E3487347,M9431654,
E5085375,M9431654,
E9537978,M9431654,
E1783092,M5598106,
E5085375,M5598106,
E2362099,M5598106,
E5502287,M8290759,
E8483883,M8290759,
E9901102,M3162251,
E9537978,M3162251,
E3349141,M9377378,
E5502287,M9377378,
E6428947,M9377378,
E9901102,M9377378,
E9901102,M0714742,
E0692717,M0714742,
E7843495,M5593867,
E2676502,M5593867,
E1783092,M5593867,
E8541698,M5593867,
E0692717,M5593867,
E9537978,M3426388,
E1783092,M1123299,
E2362099,M1123299,
E0692717,M4620739,
E2676502,M4620739,
E7843495,M8639893,
E3357916,M8639893,
E8961035,M8639893,
E8483883,M8639893,
E0692717,M8639893,
E8541698,M6488692,
E7910907,M6488692,
E1783092,M6585703,
E5502287,M6585703,
E9537978,M6585703,
E6793306,M6585703,
E9901102,M0580925,
E2676502,M0580925,
E1783092,M6837234,
E5218212,M6837234,
E2676502,M6837234,
E2676502,M5444361,
E6428947,M5444361,
E8541698,M5444361,
E0477498,M5444361,
E0692717,M5444361,
E4514470,M5444361,
E3357916,M0954609,
E9537978,M0954609,
E5502287,M0954609,
E2362099,M0954609,
E7910907,M0954609,
E1783092,M9009386,
E6428947,M9009386,
E9901102,M9009386,
E0477498,M9890497,
E9537978,M9890497,
E6793306,M9890497,
E0692717,M9890497,
E8541698,M2986704,
E7870753,M2986704,
E8483883,M2986704,
E9901102,M2986704,
E6428947,M2612566,
E2676502,M2612566,
E0356214,M2612566,
E6793306,M2612566,
E7843495,M0273691,
E3357916,M0273691,
E8961035,M0273691,
E0692717,M0273691,
E2362099,M0273691,
E8961035,M2831733,
E1783092,M2831733,
E3349141,M2831733,
E1482468,M2831733,
E0477498,M2831733,
E5085375,M9904187,
E9537978,M9904187,
E3357916,M3287824,
E8483883,M3287824,
E5085375,M3287824,
E0356214,M3287824,
E7870753,M3970870,
E3487347,M3970870,
E4514470,M3970870,
E7910907,M4559964,
E5218212,M4559964,
E9901102,M4559964,
E2328765,M4559964,
E3357916,M7753387,
E2676502,M7753387,
E9901102,M7753387,
E0356214,M7753387,
E7910907,M7753387,
E5085375,M1172566,
E6428947,M1172566,
E9537978,M1172566,
E3487347,M1172566,
E8541698,M1172566,
E7843495,M3337989,
E8961035,M3337989,
E5502287,M3337989,
E8541698,M3337989,
E7870753,M3337989,
E0356214,M3337989,
E7843495,M2376004,
E9901102,M2376004,
E6793306,M2376004,
E7870753,M0296810,
E3487347,M0296810,
E7910907,M0296810,
E3357916,M5027302,
E6428947,M5027302,
E0477498,M5027302,
E3487347,M5027302,
E2842201,M5850924,
E6428947,M5850924,
E5502287,M5850924,
E3507841,M5850924,
E8541698,M5850924,
E7910907,M5850924,
E3487347,M5293369,
E2362099,M5293369,
E7843495,M1996053,
E7245705,M1996053,
E6793306,M1996053,
E2328765,M1996053,
E0356214,M1996053,
E8961035,M2331179,
E9537978,M2331179,
E4514470,M2331179,
E8483883,M2331179,
E0356214,M2331179,
E3357916,M7998747,
E6428947,M7998747,
E9901102,M6708562,
E4514470,M6708562,
E5085375,M1434499,
E2676502,M1434499,
E4514470,M1434499,
E9901102,M1434499,
E0356214,M1434499,
E7910907,M1434499,
E7843495,M4302694,
E3349141,M4302694,
E8483883,M4302694,
E4514470,M4302694,
E2676502,M3395764,
E6793306,M3395764,
E9537978,M3395764,
E5502287,M3395764,
E0692717,M3395764,
E5502287,M3719328,
E0477498,M3719328,
E4514470,M3719328,
E1783092,M6644353,
E6428947,M6644353,
E9537978,M6644353,
E2676502,M6644353,
E1783092,M4924363,
E7560667,M4924363,
E6793306,M4924363,
E6428947,M5667295,
E3487347,M5667295,
E4514470,M5667295,
E9901102,M3759240,
E9537978,M3759240,
E3357916,M8304851,
E3487347,M8304851,
E2328765,M8304851,
E9901102,M8304851,
E4514470,M8304851,
E3357916,M5089801,
E8483883,M5089801,
E7843495,M6730425,
E5502287,M6730425,
E0477498,M6730425,
E5085375,M6730425,