employee_id,designation_id
E7097519,54
E0593543,54
E0671750,54
E4288504,54
E9510718,54
E3256754,54
E4045672,54
E4300435,54
E6235403,54
E3042933,54
E3043324,54
E1693459,54
E9364491,54
E0237714,54
E2650851,54
E0908060,54
E7938367,75
E5818363,21
E3414581,49
E4562971,20
E5133251,45
E8908340,11
E7947414,2
E2548363,52
E7054096,72
E7501522,50
E2418488,71
E2266251,74
E7964969,71
E7449700,53
E5594807,59
E4667878,20
E0553903,76
E2333523,26
E7350700,5
E4301484,10
E9811181,3
E5057181,40
E6332184,39
E3018800,31
E5155919,30
E9194099,64
E4929719,39
E3440206,10
E4446483,60
E0268369,78
E2905668,28
E5605408,35
E9415097,19
E6086229,47
E1921291,31
E7687096,27
E3097445,62
E7149500,56
E9144409,48
E2475304,6
E2681482,46
E2339547,37
E0896638,40
E3975661,66
E7216820,12
E4232170,2
E3736921,71
E6442884,38
E7528793,17
E1682368,77
E0320221,71
E8696015,38
E9737874,17
E4017381,77
E4253596,77
E5509654,71
E8225862,4
E6903312,64
E3115676,47
E9490738,71
E4475685,38
E6703177,17
E5871806,77
E0739315,77
E2227568,71
E5278081,4
E1822664,71
E2340230,38
E3744921,17
E3595333,77
E9236430,77
E6152917,71
E2523718,71
E8018835,38
E8765798,17
E9055568,71
E2480433,38
E6948866,76
E1491888,11
E5069562,59
E8593980,76
E2554209,11
E5056027,59
E3808322,73
E2641531,59
E1836106,71
E1827377,76
E4631219,11
E9126759,59
E4953232,73
E8402444,59
E9977723,71
E2900219,11
E8138687,66
E5408173,46
E8487359,76
E0939011,11
E0502237,59
E7316458,73
E1224586,59
E9754165,71
E6840486,11
E6504871,66
E2262822,46
E0345487,41
E8931884,72
E3234448,18
E5724615,76
E4194962,11
E3212682,59
E6200831,73
E6985865,59
E6205992,71
E7993067,76
E8333573,11
E1511651,59
E5190399,73
E0428498,59
E8618239,71
E8147108,11
E0961285,66
E0283268,46
E3896698,41
E3783868,76
E2561630,11
E0563698,59
E9901454,73
E8281528,76
E6310314,11
E7324735,59
E5239805,73
E7392892,59
E0376729,71
E2582500,11
E7470708,66
E0388827,76
E8136616,11
E6583227,76
E3420422,11
E5551453,59
E2407761,73
E0408282,59
E7965506,76
E0772702,11
E6801087,59
E7753221,44
E1488827,5
E2948399,6
E9119194,44
E7194995,5
E8164491,6
E2079200,34
E7720644,45
E0341015,38
E8164379,44
E1919031,5
E7096818,6
E0198259,34
E6888694,45
E4001676,38
E7061187,27
E2676502,75
E0309788,65
E6320956,44
E5222312,5
E0482870,6
E3901923,34
E5047874,45
E7886158,38
E3883179,27
E3507841,75
E9175087,65
E9984998,28
E4161845,44
E7055951,5
E6052791,6
E2687371,34
E3174620,45
E7236453,38
E4117586,27
E3741174,44
E9011243,5
E4149396,6
E5238780,34
E9542072,45
E0135136,38
E6616437,27
E4867061,75
E9306416,65
E7194582,44
E7268730,5
E8260443,6
E5663003,34
E5535392,45
E7734033,44
E0889600,5
E8719691,6
E7563927,34
E7338254,45
E1156359,38
E2773795,44
E6766596,5
E7663694,6
E2160143,44
E7312916,5
E7031945,6
E8684766,34
E9076827,45
E9651400,44
E3757905,5
E2912750,6
E5370853,32
E6341412,21
E2098169,44
E4367823,32
E0267401,21
E6940897,44
E5311812,62
E7665904,55
E0187609,80
E3133060,32
E6565672,21
E0688369,44
E7257576,62
E7896482,55
E6895274,80
E2139446,1
E0107421,28
E9588126,29
E0271439,32
E2410088,21
E5711235,44
E0948823,62
E1791163,55
E2743761,80
E0118704,1
E4610886,28
E5095840,29
E1411249,47
E6503233,60
E6142548,32
E6310930,21
E6724234,44
E5303889,62
E5537045,55
E2731553,80
E3297801,1
E9211099,32
E4292842,21
E4331092,44
E5071528,62
E2355685,55
E5960322,80
E9440291,1
E4499349,28
E3944836,32
E3582308,21
E5555332,44
E3339498,62
E7724381,32
E4751050,21
E7023468,44
E8377299,62
E2428671,55
E2434389,80
E0753087,1
E4376132,32
E8616529,21
E4866596,32
E7852573,21
E1478968,44
E0687073,62
E2895295,55
E5279551,80
E8647896,47
E5120690,46
E9575026,37
E5660913,47
E6680606,46
E0207539,37
E9324918,13
E0248721,16
E9271002,72
E9182476,47
E5837160,46
E7814300,37
E0086458,13
E7368470,16
E4792907,72
E3825527,56
E6695007,43
E5926879,14
E6837129,14
E9798722,26
E9643821,41
E3911945,14
E4290878,26
E4455703,41
E8367340,2
E5428149,31
E5587043,16
E2394939,14
E9325935,26
E2163696,41
E5131127,31
E1452179,16
E8179517,13
E0947192,71
E7758402,29
E4160006,14
E7021641,26
E9543698,41
E0380472,2
E4808518,31
E1586236,16
E5052354,13
E0951451,71
E4570219,29
E8895589,26
E0031798,64
E5416309,76
E1296935,28
E5966990,64
E7381045,76
E2007470,28
E3661345,45
E0136531,9
E0299738,18
E6201987,64
E1464264,76
E1871495,28
E2968254,45
E1986389,9
E6886200,18
E7483651,6
E0705590,34
E9294594,5
E2836977,64
E4090558,76
E0594462,28
E5877892,45
E9091124,9
E2387614,18
E4067230,6
E8812516,34
E8919869,5
E7992068,64
E6610805,76
E5496183,28
E8572496,45
E3980107,9
E0572646,18
E4065039,6
E3520534,64
E9691967,76
E5245226,28
E6336505,45
E7589341,9
E4037442,18
E0141039,6
E6492146,64
E1206135,76
E7498524,28
E1992660,45
E2714425,9
E4156739,64
E0347105,76
E8803799,28
E9355218,45
E1300467,9
E0112031,18
E9124183,64
E7277920,76
E0707487,28
E1878324,64
E2747437,76
E6184253,28
E7919387,64
E6830353,76
E5203384,64
E9476151,70
E5594588,71
E6677509,21
E3171194,70
E3154620,71
E1885262,21
E1482468,75
E5544323,32
E1211789,45
E5424958,70
E3569426,71
E4828013,21
E7560667,75
E4391964,32
E3239068,45
E8600126,8
E9227029,76
E0162206,2
E0939341,70
E9164959,71
E2874476,21
E7245705,75
E0617433,32
E8615619,45
E9727463,8
E7303582,76
E9337688,33
E0732647,66
E7268740,26
E6244006,70
E6530832,71
E8390813,21
E2328765,75
E2081115,32
E4055179,45
E9277407,8
E3492655,70
E9364294,71
E0474826,21
E3349141,75
E6475086,32
E3201074,45
E0176317,8
E7682346,76
E9386879,70
E2632942,71
E2599835,21
E2842201,75
E8364868,32
E4520162,45
E2559726,70
E9923720,71
E2957604,21
E2499796,75
E5791386,32
E9549095,45
E7077759,70
E2743045,71
E0284591,21
E5218212,75
E4928358,70
E7990773,71
E7485518,21
E0781364,70
E5406297,71
E3317961,21
E1548018,70
E5929823,14
E9355625,12
E2294822,12
E9222466,14
E7909451,12
E5047836,12
E3449741,64
E6297853,63
E5985776,26
E7062172,14
E0431170,12
E5629544,12
E1543418,64
E4958931,63
E3899016,26
E2813014,28
E9499191,71
E0245903,69
E5090818,14
E3366570,12
E6901353,12
E5428511,64
E0315607,63
E9646884,26
E5154374,28
E8399384,71
E5599831,14
E6417640,12
E8484335,12
E3548902,64
E9295741,63
E6094864,26
E7286729,28
E1114234,71
E7137879,69
E0198618,14
E0914867,12
E4361245,12
E9474688,64
E3546957,63
E8492150,14
E8659270,12
E6142540,12
E8100233,64
E5980408,63
E8739154,26
E5735454,28
E7446093,14
E0663703,12
E3351867,12
E3281344,14
E3010986,12
E2349837,12
E4887528,64
E3902177,63
E6647723,14
E5885362,14
E2982493,12
E4481918,12
E0627731,25
E8990246,80
E9414054,38
E4824989,25
E7895286,80
E5895952,38
E4151679,55
E3416059,41
E6275997,47
E9365493,25
E2902358,80
E5912827,38
E9593828,55
E8065408,41
E0317539,47
E0838612,67
E7258681,45
E8914139,55
E4697766,25
E7125958,80
E2838655,38
E2093380,55
E9437422,41
E1326027,47
E7831484,67
E9520449,45
E6502516,55
E5654872,25
E8461034,80
E3927929,38
E9187388,55
E6449189,41
E5730447,47
E2754682,67
E9151320,45
E7058295,25
E6888992,80
E1229742,38
E2136212,55
E5802577,41
E2749888,47
E6366519,67
E7784472,25
E3063045,80
E7885699,38
E3437319,55
E3659261,41
E2252269,47
E7536114,25
E8114237,80
E2400842,38
E3763023,55
E9916855,41
E9095991,25
E5836333,80
E5335733,38
E4457905,55
E2449921,25
E3626047,80
E4262360,38
E5515532,25
E6085826,80
E5147033,25
E9222526,79
E0782489,79
E8160133,79
E6400799,79
E6528336,79
E5626022,79
E7121778,79
E9721448,79
E9288452,79
E9365896,79
E0536355,79
E7112857,79
E3648007,79
E8345252,79
E9797360,79
E3481108,79
E1853244,79
E1232595,79
E0402959,79
E2547200,79
E5869533,79
E5872043,79
E2188781,79
E6712922,79
E4780616,79
E1714945,79
E4495750,79
E6840022,79
E1145350,79
E1021603,79
E3701820,79
E1617904,79
E9619654,79
E8103573,79
E6373760,79
E7325297,79
E5850862,79
E1236448,79
E1087609,79
E8071541,79
E4106391,79
E3634378,79
E0752562,79
E6434487,79
E7849311,79
E6875344,79
E4548647,79
E7910907,75
E0356214,75
E0692717,75
E6428947,75
E7843495,75
E2362099,75
E8483883,75
E5502287,75
E8961035,75
E4514470,75
E1783092,75
E3357916,75
E9537978,75
E3487347,75
E5085375,75
E6793306,75
E0477498,75
E9901102,75
E8541698,75
E7870753,75